Title,Location,Price,Bed,Bath,Plot,Built Area,Link
"Frontline Ocean Luxury Apartments","Olhão","P.O.A.","1_4","1_5","","99_207 m2",https://www.maprorealestate.com/en/properties/sale/3-Bed-Apartment-Olhao-3153
"Commercial Shop for Sale","Loulé","240,000.00 €","N/A","1","","144.38 m2",https://www.maprorealestate.com/en/properties/sale/commercial-building-loule-3226
"Building Plot w/ Sea Views","Moncarapacho","275,000.00 €","","","17,106 m2","300 m2",https://www.maprorealestate.com/en/properties/sale/Plot-Moncarapacho-2143
"Brand New Beach Apartments","Olhos de Água","P.O.A.","2_3","1_3","","86.40 _ 128.95 m2",https://www.maprorealestate.com/en/properties/sale/Apartments-Olhos-Dagua-3133
"Easy to Maintain Apartment","Vale do Lobo","P.O.A.","2","2","","89.73 m2",https://www.maprorealestate.com/en/properties/sale/1-bed-apartment-vale-do-lobo-3220
"A Beautifully Presented Apart.","Vale do Lobo","320,000.00 €","2","2","","81.5 m2",https://www.maprorealestate.com/en/properties/sale/1-bed-apartment-vale-do-lobo-3219
"Building Plot in the Countryside","Santa Bárbara de Nexe","320,000.00 €","","","7414 m2","570 m2",https://www.maprorealestate.com/en/properties/sale/Plot-Santa-Barbara-de-Nexe-3136
"A Renovated Ground-Floor Apartment","Vale do Lobo","350,000.00 €","2","2","","79.20 m2",https://www.maprorealestate.com/en/properties/sale/1-Bed-Apartment-Vale-do-Lobo-1259
"Modern & Luxurious Apartments","Ancão","380,000.00 €","1","1","","66,95 m2",https://www.maprorealestate.com/en/properties/sale/1-Bed-Apartment-Ancao-2867
"A West Facing Townhouse","Vale Formoso","395,000.00 €","3","3","","103.32 m2",https://www.maprorealestate.com/en/properties/sale/3-bed-townhouse-vale-formoso-1074
"A Lovely 1 Bed Townhouse","Vale do Lobo","400,000.00 €","1","1","92 m2","90.46 m2",https://www.maprorealestate.com/en/properties/sale/1-Bed-Townhouse-Vale-do-Lobo-1683
"Countryside Villa w/ Annex","Vale Formoso","487,000.00 €","4","4","1500 m2","298.28 m2",https://www.maprorealestate.com/en/properties/sale/4-Bed-Villa-Vale-Formoso-226
"Charming Villa in the Countryside","Loulé","P.O.A.","3","2","993 m2","155 m2",https://www.maprorealestate.com/en/properties/sale/3-bed-villa-loule-3213
"Semi-Detached in Gated Community","The Crest","510,000.00 €","3","3","","195,82 m2",https://www.maprorealestate.com/en/properties/sale/3-bed-townhouse-the-crest-3238
"3 Bed Modern Apartment ","Loulé","530,000.00 €","3","4","","198.45 m2",https://www.maprorealestate.com/en/properties/sale/3-bed-apartment-loule-3225
"Townhouse in Gated Development","The Crest","P.O.A.","4","4","562 m2","231 m2",https://www.maprorealestate.com/en/properties/sale/4-Bed-Townhouse-The-Crest-2553
"Traditional Farmhouse with Cottage","Areeiro","545,000.00 €","4","3","697+82 m2","197+33 m2",https://www.maprorealestate.com/en/properties/sale/4-bed-villa-loule-3215
"A South Facing Townhouse","Clube do Ancão","P.O.A.","3","4","84 m2","173.80 m2",https://www.maprorealestate.com/en/properties/sale/3-bed-townhouse-clube-do-ancao-2233
"Modern & Luxurious Apartments","Ancão","P.O.A.","2","2","","103,16_134,94 m2",https://www.maprorealestate.com/en/properties/sale/2-Bed-Apartment-Ancao-2868
"Charming Townhouse","Clube do Ancão","P.O.A.","3","4","","184 m2",https://www.maprorealestate.com/en/properties/sale/3-bed-townhouse-clube-do-ancao-2151
"Project Boasting Scenic Views","Vale Judeu","595,000.00 €","","","15410 m2","660 m2",https://www.maprorealestate.com/en/properties/sale/Plot-Project-Vale-Formoso-2879
"Townhouse with Sea Views","Quinta das Salinas","598,000.00 €","3","4","","209.33 m2",https://www.maprorealestate.com/en/properties/sale/3-bed-townhouse-quinta-das-salinas-2239
"Villa on Large Plot w/ Potential ","Esteval","735,000.00 €","6","3","2010 m2","426,48 m2",https://www.maprorealestate.com/en/properties/sale/4-Bed-Villa-Esteval-2952
"Plot for Construction","Varandas do Lago","750,000.00 €","","","600 m2","300 + basement m2",https://www.maprorealestate.com/en/properties/sale/Plot-Varandas-do-Lago-2497
"Plot in Private Development ","Vilas Alvas","775,000.00 €","","","1055 m2","300 m2",https://www.maprorealestate.com/en/properties/sale/Plot-Vilas-Alvas-1398
"4 Bed Villa W/ Private Pool","The Crest","P.O.A.","4","4","805 m2","321 m2",https://www.maprorealestate.com/en/properties/sale/4-Bed-Villa-The-Crest-2415
"Unfinished Villa ","The Crest","P.O.A.","5","5","1240 m2","725 m2",https://www.maprorealestate.com/en/properties/sale/5-Bed-Villa-Vale-Formoso-2414
"Shop For Sale ","Almancil","800,000.00 €","N/A","N/A","","203.20 m2",https://www.maprorealestate.com/en/properties/sale/commercial-building-almancil-1009
"Modern Apartment","Vale do Lobo","830,000.00 €","2","2","","152.85 m2",https://www.maprorealestate.com/en/properties/sale/2-Bed-Apartment-Vale-do-Lobo-1223
"Spacious Apartment","Vilamoura","840,000.00 €","3","4","","266.40 m2",https://www.maprorealestate.com/en/properties/sale/3-bed-apartment-vilamoura-3281
"High Standard Development ","Vilamoura","875,000.00 €","4","5","","338.18 m2",https://www.maprorealestate.com/en/properties/sale/4-bed-villa-vilamoura-3201
"4 Bed Classic Villa","The Crest","P.O.A.","4","4","690 m2","302.25 m2",https://www.maprorealestate.com/en/properties/sale/4-Bed-Villa-The-Crest-1992
"Beachfront Luxury Apartment","Quarteira","975,000.00 €","3","3","","208.74 m2",https://www.maprorealestate.com/en/properties/sale/3-Bed-Apartment-Quarteira-2332
"Plot by the Seaside","Encosta do Lobo","995,000.00 €","","","530 m2","630 m2",https://www.maprorealestate.com/en/properties/sale/plot-encosta-do-lobo-3216
"A Charming Villa","Near Quinta do Lago","995,000.00 €","4","3","1500 m2","320 m2",https://www.maprorealestate.com/en/properties/sale/4-Bed-Villa-Near-Quinta-do-Lago-1328
"Plots Close to the Beach","Varandas do Lago","995,000.00 €","","","960 m2","288 + basement m2",https://www.maprorealestate.com/en/properties/sale/Plot-Varandas-do-Lago-2358
"A 3 Bedroom Duplex Apart.","São Lourenço","1,050,000.00 €","3","3","","180.60 m2",https://www.maprorealestate.com/en/properties/sale/3-bed-apartment-sao-lourenco-981
"Royal Golf Villa","Vale do Lobo","1,090,000.00 €","3","2","","215.47 m2",https://www.maprorealestate.com/en/properties/sale/2-Bed-Townhouse-Vale-do-Lobo-2171
"Superb South Facing Property ","Vale do Lobo","1,125,000.00 €","3","3","158.90 m2","252.66 m2",https://www.maprorealestate.com/en/properties/sale/3-Bed-Townhouse-Vale-do-Lobo-2088
"High Standard Development ","Vilamoura","1,140,000.00 €","5","5","373 m2","504 m2",https://www.maprorealestate.com/en/properties/sale/4-bed-villa-vilamoura-3202
"Waterfront Renovated Apartment","Vilamoura","1,195,000.00 €","2","2","140 m2","160.20 m2",https://www.maprorealestate.com/en/properties/sale/2-Bed-Apartment-Vilamoura-2930
"Villa in Secure Development","The Crest","1,200,000.00 €","5","4","985 m2","301,95 m2",https://www.maprorealestate.com/en/properties/sale/5-bed-villa-the-crest-2545
"Plot in Secure Development ","Varandas do Lago","1,250,000.00 €","","","1260 m2","819 m2",https://www.maprorealestate.com/en/properties/sale/Plot-Varandas-do-Lago-2653
"Partly Refurbished Townhouse","Pinheiros Altos","1,300,000.00 €","4","3","332.80 m2","206.30 m2",https://www.maprorealestate.com/en/properties/sale/3-bed-townhouse-pinheiros-altos-100
"Plot in Prime Location","Fonte Santa","1,495,000.00 €","","","5000 m2","",https://www.maprorealestate.com/en/properties/sale/Plot-Project-Fonte-Santa-218
"Classic Renovated 3+1 Villa ","Vilamoura","1,500,000.00 €","4","4","995 m2","336.98 m2",https://www.maprorealestate.com/en/properties/sale/4-bed-villa-vilamoura-3198
"New Contemporary Villa ","Quinta Jacintina","1,600,000.00 €","4","6","1000 m2","315 m2",https://www.maprorealestate.com/en/properties/sale/4-bed-villa-quinta-jacintina-1062
"Elevated Villa with Country Views","Sitio dos Quartos","1,700,000.00 €","6","7","1400 m2","403.75 m2",https://www.maprorealestate.com/en/properties/sale/6-bed-villa-sitio-dos-quartos-166
"Upscale Brand New Development ","Vale D’Éguas","1,750,000.00 €","N/A","N/A","10,517 m2","1,714.15 m2",https://www.maprorealestate.com/en/properties/sale/development-vale-deguas-3208
"Brand New Contemporary Townhouses","Vilas Alvas","1,750,000.00 €","4","4","","265.61 m2",https://www.maprorealestate.com/en/properties/sale/4-bed-townhouse-vilas-alvas-3315
"A Classic Villa with Sea Views","Vale Formoso","1,795,000.00 €","5","6","1290 m2","349 m2",https://www.maprorealestate.com/en/properties/sale/5-bed-villa-vale-formoso-2650
"Villa to be Completed in Countryside","Loulé","1,800,000.00 €","5","6","4275 m2","940 m2",https://www.maprorealestate.com/en/properties/sale/5-Bed-Villa-Loule-2899
"New 5 Bedroom Modern Villa","Vilamoura","1,890,000.00 €","5","6","1.380 m2","480 m2",https://www.maprorealestate.com/en/properties/sale/5-Bed-Villa-Vilamoura-2977
"Beach House in Beautiful Location","Quinta das Salinas","P.O.A.","5","7","1425 m2","330.19 m2",https://www.maprorealestate.com/en/properties/sale/5-Bed-Villa-Quinta-das-Salinas-2812
"Commercial & Residential Property","Faro","2,250,000.00 €","0_1","1_2","213.90 m2","1000 m2",https://www.maprorealestate.com/en/properties/sale/Residential-Commercial-Building-Faro-3150
"A Well Maintained Villa ","The Village","2,375,000.00 €","5","7","981 m2","644 m2",https://www.maprorealestate.com/en/properties/sale/5-Bed-Villa-The-Village-1694
"Classic Villa by the Beach ","Praia Verde","2,500,000.00 €","5","6","1473 m2","385.75 m2",https://www.maprorealestate.com/en/properties/sale/5-Bed-Villa-Praia-Verde-3163
"Prime Location","Near Quinta do Lago","P.O.A.","","","10,485 m2","",https://www.maprorealestate.com/en/properties/sale/Plot-Near-Quinta-do-Lago-2054
"3 Bed Villa in Sustainable Resort","Ombria Resort","P.O.A.","3","5","1735 m2","420,33 m2",https://www.maprorealestate.com/en/properties/sale/3-Bed-Villa-Ombria-Resort-3056
"A Fabulous 5 Bed Villa","Quinta Verde","P.O.A.","5","7","1325 m2","538 m2",https://www.maprorealestate.com/en/properties/sale/5-Bed-Villa-Quinta-Verde-802
"Beautifully Kept 5 Bedroom Villa ","Vale Formoso Area","P.O.A.","5","7","2528,50 m2","699 m2",https://www.maprorealestate.com/en/properties/sale/5-Bed-Villa-Vale-Formoso-2926
"Premium & Sustainable","Ombria Resort","2,950,000.00 €","4","5","2017 m2","453,14 m2",https://www.maprorealestate.com/en/properties/sale/4-Bed-Villa-Ombria-Resort-3055
"Plot with Project","Quinta do Lago","2,950,000.00 €","","","1280 + adopted area m2","532 m2",https://www.maprorealestate.com/en/properties/sale/plot-quinta-do-lago-324
"An Imposing Spacious Villa","Quinta Verde","2,995,000.00 €","4","6","2270 m2","639.45 m2",https://www.maprorealestate.com/en/properties/sale/4-bed-villa-quinta-verde-948
"A Modern Villa near the Lake","Encosta do Lago","3,000,000.00 €","4","6","1025 m2","346 m2",https://www.maprorealestate.com/en/properties/sale/4-bedroom-villa-encosta-do-lago-1603
"Family Home in Unique Location","Lagos","3,250,000.00 €","4","5","1241.6 m2","634 m2",https://www.maprorealestate.com/en/properties/sale/4-Bed-Villa-Lagos-3131
"Modern Villa in Countryside Resort","Ombria Resort","3,400,000.00 €","5","6","2477 m2","508,81 m2",https://www.maprorealestate.com/en/properties/sale/5-Bed-Villa-Ombria-Resort-3053
"Brand New Villa on the Golf","Vila Sol","3,445,000.00 €","5","7","1909 m2","458 m2",https://www.maprorealestate.com/en/properties/sale/5-Bed-Villa-Vila-Sol-2102
"Plots for Sale","Encosta do Lobo","3,500,000.00 €","","","1285 m2","1800 m2",https://www.maprorealestate.com/en/properties/sale/Plot-Encosta-do-Lobo-1084
"Modern Villa Under Construction","Vila Sol","3,555,000.00 €","5","6","1820 m2","455 m2",https://www.maprorealestate.com/en/properties/sale/5-Bed-Villa-Vila-Sol-2980
"Views from An Elevated Position ","Quinta das Salinas","3,700,000.00 €","4","6","1732.50 m2","424.40 m2",https://www.maprorealestate.com/en/properties/sale/4-bed-villa-quinta-das-salinas-2359
"Villa in Sustainable Resort","Ombria Resort","3,750,000.00 €","6","5","2921 m2","573,47 m2",https://www.maprorealestate.com/en/properties/sale/6-Bed-Villa-Ombria-Resort-3052
"7 Bed Villa in Golf Resort","Ombria Resort","3,950,000.00 €","7","8","3324 m2","627,81 m2",https://www.maprorealestate.com/en/properties/sale/7-Bed-Villa-Ombria-Resort-3051
"Villa on Double Plot w/ Sea Views","Vale do Lobo","3,995,000.00 €","4","5","2980 m2","284.84 m2",https://www.maprorealestate.com/en/properties/sale/4-bed-villa-vale-do-lobo-2932
"Family Villa w/ Guest Cottage ","São Lourenço","3,995,000.00 €","4","5","25008 m2","410 m2",https://www.maprorealestate.com/en/properties/sale/4-bed-villa-sao-lourenco-3157
"Majestic Hill Top Estate","Loulé","4,995,000.00 €","5","7","3426 m2","746.13 m2",https://www.maprorealestate.com/en/properties/sale/5-bed-villa-loule-3314
"South Facing Spacious Plot","Quinta do Lago","5,000,000.00 €","","","4985 m2","",https://www.maprorealestate.com/en/properties/sale/Plot-Quinta-do-Lago-2780
"Timeless Property w/ Sea Views","Quinta do Lago","5,950,000.00 €","5","8","2280 m2","750 m2",https://www.maprorealestate.com/en/properties/sale/5-Bed-Villa-Quinta-do-Lago-1973
"Classic Villa w/ Sea Views","Vale do Lobo","6,300,000.00 €","4","5","3046 m2","948.10 m2",https://www.maprorealestate.com/en/properties/sale/4-Bed-Villa-Vale-do-Lobo-2800
"Modern Villa on the Golf","Quinta do Lago","6,950,000.00 €","6","8","2000 m2","690 m2",https://www.maprorealestate.com/en/properties/sale/6-Bed-Villa-Quinta-do-Lago-1808
"Property with Fabulous Views","Albufeira","P.O.A.","10","15","4500 m2","769,55 m2",https://www.maprorealestate.com/en/properties/sale/12-bed-villa-albufeira-1602
"A Private Villa with Golf Views","Quinta do Lago","P.O.A.","6","8","2400 + 2500 m2","780 m2",https://www.maprorealestate.com/en/properties/sale/6-Bed-Villa-Quinta-do-Lago-1473
"A Modern Villa with Lake Views","Quinta do Lago","14,750,000.00 €","6","9","2452+1000 m2","1364.59 m2",https://www.maprorealestate.com/en/properties/sale/6-bed-villa-quinta-do-lago-2243
